query,answer
Headache,"A headache can be caused by various factors such as stress, dehydration, or a migraine. If it persists, consider visiting a healthcare provider."
Fever,"Fever is often a sign of an infection. Rest, stay hydrated, and monitor your temperature. If it exceeds 101°F (38.3°C), consult a doctor."
Cough,"A cough can be caused by a cold, flu, or respiratory infection. If it persists or is accompanied by difficulty breathing, seek medical advice."
Fatigue,"Fatigue can result from stress, lack of sleep, or underlying health conditions. If it continues for an extended period, see a doctor."
Nausea,"Nausea can be caused by indigestion, motion sickness, or a viral infection. If it persists, consult a healthcare provider."
Chills,"Chills often accompany fever and can signal an infection like the flu. If they last for a long period, consider seeing a doctor."
Dizziness,"Dizziness can result from dehydration, low blood pressure, or inner ear problems. If it’s severe or frequent, consult a healthcare provider."
Shortness of breath,"Shortness of breath can be caused by asthma, anxiety, or respiratory conditions. If it worsens or is severe, seek medical attention immediately."
Sore throat,"A sore throat can be due to a viral infection, allergies, or strep throat. If it’s persistent or painful, see a healthcare provider."
Nausea,"Nausea can be caused by a variety of factors, including food poisoning, motion sickness, or viral infections. Rest and hydration can help."
Vomiting,"Vomiting can be a symptom of a viral infection, food poisoning, or digestive issues. Stay hydrated, and consult a doctor if it continues."
Rash,"A rash can be caused by allergies, infections, or skin conditions like eczema. If it’s widespread or painful, see a healthcare provider."
Pain,"Pain can be caused by injury, inflammation, or an underlying condition. If it’s severe or persistent, seek medical advice."
Swelling,"Swelling can result from an injury, infection, or fluid retention. If it’s painful or doesn’t go away, consult a doctor."
Congestion,"Congestion is often a sign of a cold, flu, or sinus infection. Rest, hydration, and saline nasal sprays may help relieve symptoms."
Diarrhea,"Diarrhea can be caused by food poisoning, a stomach virus, or digestive issues. Stay hydrated and consult a doctor if it lasts more than a couple of days."
Back pain,"Back pain can be caused by muscle strain, poor posture, or injury. If the pain is severe or persistent, consult a healthcare provider."
Weight loss,"Unexplained weight loss can be a sign of a health condition such as hyperthyroidism, diabetes, or cancer. It’s best to consult a doctor for evaluation."
Insomnia,"Insomnia can be caused by stress, anxiety, or lifestyle habits. If it persists, consider speaking with a healthcare provider."
Heartburn,"Heartburn can result from acid reflux, stress, or eating spicy foods. If frequent, consider seeking medical advice."
Cold,"A cold is usually caused by a viral infection. Rest, hydration, and over-the-counter remedies can help alleviate symptoms."
Stomach ache,"A stomach ache can be caused by indigestion, food intolerance, or a stomach virus. If the pain is severe or persistent, consult a doctor."
Bloody stool,"Blood in the stool can be caused by hemorrhoids, a gastrointestinal condition, or more serious health issues. Consult a doctor immediately."
Fainting,"Fainting can be caused by dehydration, low blood sugar, or a medical condition. If it happens frequently, seek medical attention."
Swollen lymph nodes,"Swollen lymph nodes can be a sign of infection or an immune response. If they are painful or persist, visit a healthcare provider."
Joint pain,"Joint pain can be caused by overuse, injury, or conditions like arthritis. If it is severe or does not improve, consult a healthcare provider."
Loss of appetite,"A loss of appetite can be caused by stress, illness, or gastrointestinal issues. If it persists, consult a doctor."
Palpitations,"Palpitations are abnormal heartbeats that can be caused by anxiety, stress, or an underlying heart condition. If they are frequent or severe, consult a doctor."
Anxiety,"Anxiety can cause symptoms like rapid heartbeat, sweating, and dizziness. Consider relaxation techniques or consulting a mental health professional."
Constipation,"Constipation can be caused by dehydration, diet, or a digestive disorder. If it persists, consult a healthcare provider."
Bloody nose,"A bloody nose can result from dry air, allergies, or injury. If it’s frequent or accompanied by other symptoms, consult a doctor."
Bruising,"Unexplained bruising can be caused by a minor injury, blood clotting issues, or medication. If it occurs without injury, consult a healthcare provider."
Insomnia,"Difficulty sleeping can be caused by stress, anxiety, or an underlying condition. If it continues, consider speaking to a healthcare professional."
Loss of smell,"Loss of smell can be a sign of a sinus infection, cold, or COVID-19. If it persists, consult a healthcare provider."
Loss of taste,"Loss of taste can be related to a viral infection, nasal congestion, or other medical issues. If it continues, consult a healthcare provider."
Fatigue,"Fatigue can result from lack of sleep, overwork, or underlying health conditions. If it’s persistent, see a doctor."
Head cold,"A head cold is often caused by a viral infection and typically includes symptoms like a stuffy nose, sore throat, and mild fever."
Headache and fever,"Headache with fever could be indicative of a viral infection such as the flu or a cold. Rest, hydration, and over-the-counter medication may help alleviate symptoms. If symptoms persist or worsen, consult a healthcare provider."
Cough and sore throat,"A combination of a cough and sore throat is commonly seen in viral infections like the common cold, flu, or even strep throat. Rest, warm fluids, and throat lozenges may help. If symptoms are severe, visit a doctor."
Fatigue and nausea,"Fatigue combined with nausea can be caused by digestive issues, a viral infection, or even stress. If symptoms last for several days, consider seeing a healthcare provider."
Chills and body aches,"Chills with body aches are common symptoms of a viral infection like the flu or COVID-19. Stay hydrated, rest, and take over-the-counter medication to reduce fever. Seek medical advice if symptoms worsen."
Dizziness and shortness of breath,"Dizziness coupled with shortness of breath can indicate a serious condition such as a respiratory infection, heart issues, or anxiety. Seek immediate medical attention if symptoms persist."
Sore throat and cough,"A sore throat and cough are often seen together with upper respiratory infections like the common cold, flu, or COVID-19. Rest, fluids, and throat care can help, but see a doctor if the symptoms last more than a few days."
Stomach ache and diarrhea,"A stomach ache combined with diarrhea could suggest food poisoning, a gastrointestinal virus, or an infection. Stay hydrated and consult a doctor if symptoms persist or worsen."
Back pain and fatigue,"Back pain with fatigue can result from poor posture, muscle strain, or even an underlying condition such as fibromyalgia or an infection. If pain and fatigue continue, visit a healthcare provider."
Weight loss and nausea,"Unexplained weight loss and nausea could indicate a digestive disorder, thyroid issues, or even cancer. It’s important to seek medical advice if these symptoms occur together."
Headache and dizziness,"A headache and dizziness combination can be caused by dehydration, migraine, or issues with blood pressure. If these symptoms persist or are severe, see a doctor."
Palpitations and shortness of breath,"Palpitations with shortness of breath could be symptoms of a heart condition or panic attack. If these symptoms are severe or persistent, seek emergency medical care."
Loss of appetite and nausea,"Loss of appetite and nausea can result from a variety of conditions such as stress, gastrointestinal issues, or infections. If these symptoms persist, consult a healthcare provider."
Joint pain and swelling,"Joint pain with swelling may indicate conditions such as arthritis or an infection. If the pain is severe or worsens, consider consulting a healthcare provider."
Insomnia and anxiety,"Insomnia and anxiety often go hand-in-hand. Stress, anxiety disorders, or depression can cause sleep disturbances. Consider relaxation techniques or speaking with a mental health professional for support."
Cold and congestion,"A cold accompanied by congestion is common with viral infections like the common cold. Use saline sprays, stay hydrated, and rest. If symptoms worsen, visit a doctor."
Headache and neck pain,"Headache with neck pain could be related to tension headaches, neck strain, or even meningitis in severe cases. If the pain is persistent or severe, consult a healthcare provider."
Fever and vomiting,"Fever combined with vomiting can be a sign of an infection such as the flu, stomach virus, or food poisoning. Stay hydrated and rest, and if symptoms continue, see a doctor."
Rash and itching,"A rash with itching may be caused by an allergic reaction, eczema, or a viral infection like chickenpox. Use anti-itch creams or antihistamines, and consult a healthcare provider if necessary."
Shortness of breath and chest pain,Shortness of breath combined with chest pain could be a sign of a serious condition such as a heart attack or pulmonary embolism. Seek emergency medical care immediately.
Fatigue and joint pain,"Fatigue and joint pain together can indicate autoimmune conditions like rheumatoid arthritis, lupus, or other inflammatory diseases. Consult a doctor for further evaluation."
Swelling and pain,"Swelling combined with pain is commonly seen with injuries, infections, or conditions like arthritis. Apply ice, rest, and see a healthcare provider if symptoms persist."
Fainting and dizziness,"Fainting and dizziness together could be due to low blood pressure, dehydration, or heart issues. If this happens frequently, seek medical attention immediately."
Diarrhea and stomach cramps,"Diarrhea along with stomach cramps is often caused by food poisoning, gastrointestinal infection, or irritable bowel syndrome (IBS). Stay hydrated and consult a healthcare provider if symptoms persist."
Pain and swelling in knees,"Knee pain with swelling can result from overuse, sprains, or conditions like arthritis. Rest and ice may help, but consult an orthopedic specialist if symptoms persist."
Palpitations and dizziness,"Palpitations with dizziness could be related to low blood pressure, anemia, or a heart arrhythmia. Seek medical attention if these symptoms are severe."
Cold and sore throat,"A cold combined with a sore throat is often caused by a viral infection. Use throat lozenges, rest, and stay hydrated. If symptoms persist, consult a doctor."
Loss of taste and smell,"Loss of taste and smell can be a sign of a viral infection like COVID-19. If these symptoms occur together, it’s best to get tested and self-isolate until you know the cause."
Fatigue and headache,"Fatigue and headaches can be caused by stress, dehydration, or a viral infection. Rest, hydration, and over-the-counter pain relievers may help. If symptoms persist, consult a healthcare provider."
Swollen lymph nodes and sore throat,"Swollen lymph nodes with a sore throat can indicate a viral infection like the common cold, strep throat, or even mononucleosis. See a doctor if symptoms persist."
Diarrhea and nausea,"Nausea combined with diarrhea can be a sign of a stomach virus, food poisoning, or gastrointestinal infection. Stay hydrated and visit a doctor if symptoms worsen."
Back pain and shortness of breath,"Back pain along with shortness of breath could indicate a serious condition such as a lung infection, blood clot, or heart problem. Seek immediate medical attention."
Chest pain and dizziness,"Chest pain with dizziness could be a sign of a heart problem, such as a heart attack. Seek emergency care immediately."
Vomiting and dizziness,"Vomiting and dizziness can be caused by a variety of issues, including a viral infection, dehydration, or vestibular disorders. If these symptoms continue, seek medical care."
